{
  "SnapshotInformation": {
    "BuildIdentifier": "23139",
    "BuildDisplayIdentifier": "20190702.1",
    "SourceIdentifier": "3212f7cdacbb782f104872bb42141ca6c5a0dc26",
    "SourceDisplayIdentifier": "3212f7cd",
    "ComponentDetectors": [
      {
        "DetectorId": "CgManifest",
        "SupportedComponentTypes": [
          1,
          2,
          3,
          4,
          6,
          7,
          5,
          8
        ],
        "Version": 2
      },
      {
        "DetectorId": "CorextCG",
        "SupportedComponentTypes": [
          1
        ],
        "Version": 2
      },
      {
        "DetectorId": "Maven",
        "SupportedComponentTypes": [
          3
        ],
        "Version": 2
      },
      {
        "DetectorId": "MvnCli",
        "SupportedComponentTypes": [
          3
        ],
        "Version": 2
      },
      {
        "DetectorId": "Npm",
        "SupportedComponentTypes": [
          2
        ],
        "Version": 2
      },
      {
        "DetectorId": "NpmWithRoots",
        "SupportedComponentTypes": [
          2
        ],
        "Version": 2
      },
      {
        "DetectorId": "NuGet",
        "SupportedComponentTypes": [
          1
        ],
        "Version": 2
      },
      {
        "DetectorId": "NuGetProjectAssets",
        "SupportedComponentTypes": [
          1
        ],
        "Version": 2
      },
      {
        "DetectorId": "Pip",
        "SupportedComponentTypes": [
          8
        ],
        "Version": 2
      },
      {
        "DetectorId": "Pnpm",
        "SupportedComponentTypes": [
          2
        ],
        "Version": 2
      },
      {
        "DetectorId": "RustCrateDetector",
        "SupportedComponentTypes": [
          7
        ],
        "Version": 2
      },
      {
        "DetectorId": "Yarn",
        "SupportedComponentTypes": [
          2
        ],
        "Version": 2
      }
    ],
    "PullRequestId": null,
    "BuildType": "vsts://ea964927-e753-4550-bf48-b63004033439/1085aa5c-9abf-4775-a9f6-223d04e6459a/18/3a3a2a60-14c7-570b-14a4-fa42ad92f52a",
    "BuildDisplayType": "Microsoft.vscode-eslint",
    "SourceType": "github://microsoft/vscode-eslint/master",
    "SourceDisplayType": "master",
    "IsValid": false,
    "IsTransient": true,
    "IsTracked": false,
    "PhaseDisplayName": "Job"
  },
  "GovernedRepositoryNameOrId": null,
  "ProductNameOrId": null
}